{
  "project_info": {
    "project_number": "527298771514",
    "firebase_url": "https://mjstargram-89307.firebaseio.com",
    "project_id": "mjstargram-89307",
    "storage_bucket": "mjstargram-89307.appspot.com"
  },
  "client": [
    {
      "client_info": {
        "mobilesdk_app_id": "1:527298771514:android:25d1d32cf5a35ce346d303",
        "android_client_info": {
          "package_name": "com.yjr.mjstargram"
        }
      },
      "oauth_client": [
        {
          "client_id": "527298771514-gmdfl0mphdv7ekk1sjmhh54gnqr4f0lu.apps.googleusercontent.com",
          "client_type": 3
        }
      ],
      "api_key": [
        {
          "current_key": "AIzaSyBbb3OfzMwJFCK2b7i6zNB1SpflV4R-m6M"
        }
      ],
      "services": {
        "appinvite_service": {
          "other_platform_oauth_client": [
            {
              "client_id": "527298771514-gmdfl0mphdv7ekk1sjmhh54gnqr4f0lu.apps.googleusercontent.com",
              "client_type": 3
            }
          ]
        }
      }
    }
  ],
  "configuration_version": "1"
}